state,state_abbreviation,census_region,covid_19_deaths,data_as_of,period_start,period_end
Alabama,AL,South,23035,08/13/2026,01/01/2020,08/08/2026
Alaska,AK,West,1638,08/13/2026,01/01/2020,08/08/2026
Arizona,AZ,West,32243,08/13/2026,01/01/2020,08/08/2026
Arkansas,AR,South,13662,08/13/2026,01/01/2020,08/08/2026
California,CA,West,117655,08/13/2026,01/01/2020,08/08/2026
Colorado,CO,West,16894,08/13/2026,01/01/2020,08/08/2026
Connecticut,CT,Northeast,13690,08/13/2026,01/01/2020,08/08/2026
Delaware,DE,South,3888,08/13/2026,01/01/2020,08/08/2026
District of Columbia,DC,South,2373,08/13/2026,01/01/2020,08/08/2026
Florida,FL,South,88566,08/13/2026,01/01/2020,08/08/2026
Georgia,GA,South,39142,08/13/2026,01/01/2020,08/08/2026
Hawaii,HI,West,2332,08/13/2026,01/01/2020,08/08/2026
Idaho,ID,West,6111,08/13/2026,01/01/2020,08/08/2026
Illinois,IL,Midwest,41877,08/13/2026,01/01/2020,08/08/2026
Indiana,IN,Midwest,29422,08/13/2026,01/01/2020,08/08/2026
Iowa,IA,Midwest,12156,08/13/2026,01/01/2020,08/08/2026
Kansas,KS,Midwest,11008,08/13/2026,01/01/2020,08/08/2026
Kentucky,KY,South,22788,08/13/2026,01/01/2020,08/08/2026
Louisiana,LA,South,18834,08/13/2026,01/01/2020,08/08/2026
Maine,ME,Northeast,3861,08/13/2026,01/01/2020,08/08/2026
Maryland,MD,South,20215,08/13/2026,01/01/2020,08/08/2026
Massachusetts,MA,Northeast,23613,08/13/2026,01/01/2020,08/08/2026
Michigan,MI,Midwest,40500,08/13/2026,01/01/2020,08/08/2026
Minnesota,MN,Midwest,17271,08/13/2026,01/01/2020,08/08/2026
Mississippi,MS,South,16390,08/13/2026,01/01/2020,08/08/2026
Missouri,MO,Midwest,25482,08/13/2026,01/01/2020,08/08/2026
Montana,MT,West,4339,08/13/2026,01/01/2020,08/08/2026
Nebraska,NE,Midwest,6491,08/13/2026,01/01/2020,08/08/2026
Nevada,NV,West,12989,08/13/2026,01/01/2020,08/08/2026
New Hampshire,NH,Northeast,3612,08/13/2026,01/01/2020,08/08/2026
New Jersey,NJ,Northeast,38358,08/13/2026,01/01/2020,08/08/2026
New Mexico,NM,West,9735,08/13/2026,01/01/2020,08/08/2026
New York,NY,Northeast,86475,08/13/2026,01/01/2020,08/08/2026
North Carolina,NC,South,38135,08/13/2026,01/01/2020,08/08/2026
North Dakota,ND,Midwest,3353,08/13/2026,01/01/2020,08/08/2026
Ohio,OH,Midwest,54045,08/13/2026,01/01/2020,08/08/2026
Oklahoma,OK,South,20274,08/13/2026,01/01/2020,08/08/2026
Oregon,OR,West,10436,08/13/2026,01/01/2020,08/08/2026
Pennsylvania,PA,Northeast,57966,08/13/2026,01/01/2020,08/08/2026
Rhode Island,RI,Northeast,4422,08/13/2026,01/01/2020,08/08/2026
South Carolina,SC,South,22634,08/13/2026,01/01/2020,08/08/2026
South Dakota,SD,Midwest,3836,08/13/2026,01/01/2020,08/08/2026
Tennessee,TN,South,33086,08/13/2026,01/01/2020,08/08/2026
Texas,TX,South,110019,08/13/2026,01/01/2020,08/08/2026
Utah,UT,West,6357,08/13/2026,01/01/2020,08/08/2026
Vermont,VT,Northeast,1271,08/13/2026,01/01/2020,08/08/2026
Virginia,VA,South,25858,08/13/2026,01/01/2020,08/08/2026
Washington,WA,West,16916,08/13/2026,01/01/2020,08/08/2026
West Virginia,WV,South,9169,08/13/2026,01/01/2020,08/08/2026
Wisconsin,WI,Midwest,18806,08/13/2026,01/01/2020,08/08/2026
Wyoming,WY,West,2044,08/13/2026,01/01/2020,08/08/2026
